{
  "version": 1,
  "author": "Mariana Estela",
  "editor": "wokwi",
  "parts": [
    { "type": "wokwi-arduino-uno", "id": "uno", "top": 69.72, "left": -391.13, "attrs": {} },
    {
      "type": "wokwi-led",
      "id": "led1",
      "top": -28.69,
      "left": -296.37,
      "attrs": { "color": "red" }
    },
    {
      "type": "wokwi-led",
      "id": "led2",
      "top": -25.73,
      "left": -344.31,
      "attrs": { "color": "red" }
    },
    {
      "type": "wokwi-led",
      "id": "led3",
      "top": -29.5,
      "left": -180.22,
      "attrs": { "color": "red" }
    },
    {
      "type": "wokwi-pushbutton",
      "id": "btn1",
      "top": 244.39,
      "left": 219.75,
      "attrs": { "color": "green" }
    },
    {
      "type": "wokwi-led",
      "id": "led4",
      "top": -27.75,
      "left": -245.09,
      "attrs": { "color": "red" }
    },
    {
      "type": "wokwi-led",
      "id": "led5",
      "top": -23.95,
      "left": -400.25,
      "attrs": { "color": "red" }
    },
    { "type": "wokwi-resistor", "id": "r1", "top": -31.63, "left": -628.8, "attrs": {} },
    { "type": "wokwi-potentiometer", "id": "pot1", "top": -8.82, "left": 83.92, "attrs": {} },
    {
      "type": "wokwi-slide-potentiometer",
      "id": "pot2",
      "top": 505.04,
      "left": -249.5,
      "attrs": { "travelLength": "30" }
    },
    { "type": "wokwi-slide-switch", "id": "sw1", "top": 545.3, "left": 56.78, "attrs": {} },
    { "type": "wokwi-resistor", "id": "r2", "top": 0.16, "left": -629.11, "attrs": {} },
    { "type": "wokwi-resistor", "id": "r3", "top": 34.45, "left": -627.69, "attrs": {} },
    {
      "type": "wokwi-led-bar-graph",
      "id": "bargraph1",
      "top": -75.68,
      "left": -74.43,
      "attrs": { "color": "lime" }
    }
  ],
  "connections": [
    [ "pot1:GND", "uno:GND.1", "black", [ "v0" ] ],
    [ "pot1:VCC", "uno:5V", "red", [ "v0" ] ],
    [ "pot1:SIG", "uno:A5", "green", [ "v0" ] ],
    [ "btn1:1.l", "uno:11", "green", [ "h0" ] ],
    [ "btn1:2.l", "uno:7", "green", [ "h0" ] ],
    [ "led5:C", "r1:2", "green", [ "v0" ] ],
    [ "led5:A", "uno:10", "green", [ "v0" ] ],
    [ "led2:C", "r2:2", "green", [ "v0" ] ],
    [ "led2:A", "uno:9", "green", [ "v0" ] ],
    [ "led1:C", "r3:2", "green", [ "v0" ] ],
    [ "led1:A", "uno:8", "green", [ "v0" ] ],
    [ "led3:A", "bargraph1:A1", "green", [ "v0" ] ],
    [ "led3:C", "uno:7", "green", [ "v0" ] ],
    [ "r1:1", "bargraph1:C1", "green", [ "v0" ] ],
    [ "btn1:1.r", "bargraph1:A2", "green", [ "v0" ] ],
    [ "r2:1", "bargraph1:C2", "green", [ "v0" ] ],
    [ "led4:C", "uno:11", "green", [ "v0" ] ],
    [ "led4:A", "bargraph1:A3", "green", [ "v0" ] ],
    [ "btn1:2.r", "bargraph1:C3", "green", [ "h0" ] ]
  ]
}